operation,time_s,cpu_delta,ram_delta_mb
Python loop add,0.004965299999639683,-21.4,1.75
NumPy add,0.00042660000053729163,40.0,0.0
Python loop square,0.0032881999995879596,0.0,0.0390625
NumPy square,0.0003727000002982095,0.0,0.0
Pandas iterrows,0.0854180999995151,30.2,0.2421875
Pandas vectorized,0.000426500000685337,0.0,0.15625
Python sum,0.00407329999961803,25.0,0.64453125
NumPy sum,0.00011809999978140695,0.0,0.0
LinearRegression,0.011849500000607804,0.0,0.3515625
RandomForest,0.5331120999999257,15.8,2.32421875
